year,group_code,group_name,population_share,population,births,total_births,birth_share,birth_population_ratio,immigration_count,emigration_count,net_migration,net_migration_rate
2008,DANSK,Danish origin,0.9053953009401571,4985102,55921.0,65038.0,0.8598204126818167,0.9496629944831659,22781.0,23437.0,-656.0,-0.0001315920917967175
2008,IMMIGRANT_BACKGROUND_MOTHER,Immigrant-background mother proxy,0.09460469905984295,520893,9078.0,65038.0,0.13957993788246872,1.4754017429322017,50981.0,24734.0,26247.0,0.050388467497163525
2008,IND_ANDRE,Non-western immigrant origin,0.0636580672521497,350501,,,,,,,,
2008,IND_VEST,Western immigrant origin,0.03094663180769325,170392,,,,,,,,
2009,DANSK,Danish origin,0.9021758757429466,4991316,53346.0,62818.0,0.8492151930975198,0.9412967204406643,22411.0,21528.0,883.0,0.00017690725251617008
2009,IMMIGRANT_BACKGROUND_MOTHER,Immigrant-background mother proxy,0.09782412425705342,541215,9472.0,62818.0,0.15078480690248017,1.5413867289653567,46032.0,30460.0,15572.0,0.02877229936346923
2009,IND_ANDRE,Non-western immigrant origin,0.06523686898455698,360925,,,,,,,,
2009,IND_VEST,Western immigrant origin,0.03258725527249644,180290,,,,,,,,
2010,DANSK,Danish origin,0.899273243705275,4997899,53431.0,63411.0,0.8426140574979104,0.9369944712533514,21530.0,21871.0,-341.0,-6.822866968700248e-05
2010,IMMIGRANT_BACKGROUND_MOTHER,Immigrant-background mother proxy,0.10072675629472505,559810,9980.0,63411.0,0.15738594250208954,1.5625038300804657,47670.0,30226.0,17444.0,0.031160572337042926
2010,IND_ANDRE,Non-western immigrant origin,0.06673325285652776,370884,,,,,,,,
2010,IND_VEST,Western immigrant origin,0.033993503438197285,188926,,,,,,,,
2011,DANSK,Danish origin,0.8963916716434818,5001152,49307.0,58998.0,0.8357401945828672,0.9323381965950067,21264.0,22864.0,-1600.0,-0.0003199262889830183
2011,IMMIGRANT_BACKGROUND_MOTHER,Immigrant-background mother proxy,0.10360832835651823,578052,9691.0,58998.0,0.16425980541713278,1.5853919083793309,48858.0,32918.0,15940.0,0.0275753738417997
2011,IND_ANDRE,Non-western immigrant origin,0.06806974615016766,379775,,,,,,,,
2011,IND_VEST,Western immigrant origin,0.03553858220635058,198277,,,,,,,,
2012,DANSK,Danish origin,0.893357727649779,5002504,47810.0,57916.0,0.8255059051039436,0.9240485413112862,21879.0,22348.0,-469.0,-9.375304847332457e-05
2012,IMMIGRANT_BACKGROUND_MOTHER,Immigrant-background mother proxy,0.10664227235022095,597161,10106.0,57916.0,0.17449409489605636,1.636256346104527,50633.0,32559.0,18074.0,0.030266544533216335
2012,IND_ANDRE,Non-western immigrant origin,0.06924360653717677,387741,,,,,,,,
2012,IND_VEST,Western immigrant origin,0.03739866581304417,209420,,,,,,,,
2013,DANSK,Danish origin,0.889457119328333,5001863,45466.0,55873.0,0.8137382993574714,0.9148707471946033,22223.0,22343.0,-120.0,-2.3991060930697223e-05
2013,IMMIGRANT_BACKGROUND_MOTHER,Immigrant-background mother proxy,0.11054288067166698,621638,10407.0,55873.0,0.1862617006425286,1.684972379141816,56995.0,34073.0,22922.0,0.03687355020124252
2013,IND_ANDRE,Non-western immigrant origin,0.07125810060316518,400720,,,,,,,,
2013,IND_VEST,Western immigrant origin,0.039284780068501814,220918,,,,,,,,
2014,DANSK,Danish origin,0.8845346770985281,5002707,45616.0,56870.0,0.8021100756110427,0.9068158619197876,22016.0,21690.0,326.0,6.516471982068907e-05
2014,IMMIGRANT_BACKGROUND_MOTHER,Immigrant-background mother proxy,0.11546532290147196,653043,11254.0,56870.0,0.19788992438895728,1.7138472349643823,65547.0,37536.0,28011.0,0.04289304073391798
2014,IND_ANDRE,Non-western immigrant origin,0.0739654334084781,418330,,,,,,,,
2014,IND_VEST,Western immigrant origin,0.04149988949299386,234713,,,,,,,,
2015,DANSK,Danish origin,0.8779118896971866,5003413,46253.0,58205.0,0.7946568164247058,0.905166937309395,22549.0,21831.0,718.0,0.00014350204550373915
2015,IMMIGRANT_BACKGROUND_MOTHER,Immigrant-background mother proxy,0.12208811030281336,695807,11952.0,58205.0,0.2053431835752942,1.681926135689909,76323.0,34509.0,41814.0,0.06009425027342352
2015,IND_ANDRE,Non-western immigrant origin,0.07812998971789122,445280,,,,,,,,
2015,IND_VEST,Western immigrant origin,0.04395812058492215,250527,,,,,,,,
2016,DANSK,Danish origin,0.8715518822819703,5007524,48313.0,61614.0,0.7841237381114682,0.8996868161863291,22186.0,21544.0,642.0,0.00012820707399505225
2016,IMMIGRANT_BACKGROUND_MOTHER,Immigrant-background mother proxy,0.12844811771802964,738002,13301.0,61614.0,0.21587626188853182,1.6806494771875533,72179.0,39534.0,32645.0,0.044234297468028545
2016,IND_ANDRE,Non-western immigrant origin,0.08228454627130745,472768,,,,,,,,
2016,IND_VEST,Western immigrant origin,0.046163571446722194,265234,,,,,,,,
2017,DANSK,Danish origin,0.8670475567484689,5010295,47771.0,61397.0,0.7780673322800788,0.8973756124726578,21937.0,21006.0,931.0,0.0001858174019693451
2017,IMMIGRANT_BACKGROUND_MOTHER,Immigrant-background mother proxy,0.13295244325153108,768275,13626.0,61397.0,0.22193266771992118,1.6692635523820312,67445.0,43745.0,23700.0,0.030848329048843187
2017,IND_ANDRE,Non-western immigrant origin,0.08496323484876016,490966,,,,,,,,
2017,IND_VEST,Western immigrant origin,0.047989208402770926,277309,,,,,,,,
2018,DANSK,Danish origin,0.8633422407623818,5012578,47837.0,61476.0,0.7781410631791268,0.9013123955246098,21902.0,20909.0,993.0,0.00019810165547548588
2018,IMMIGRANT_BACKGROUND_MOTHER,Immigrant-background mother proxy,0.13665775923761825,793437,13639.0,61476.0,0.22185893682087318,1.6234638856847385,65427.0,47736.0,17691.0,0.02229666627596142
2018,IND_ANDRE,Non-western immigrant origin,0.08699443594272492,505091,,,,,,,,
2018,IND_VEST,Western immigrant origin,0.04966332329489331,288346,,,,,,,,
2019,DANSK,Danish origin,0.8607551862620149,5016019,47763.0,61167.0,0.780862229633626,0.9071827182647153,21275.0,20127.0,1148.0,0.00022886675668493283
2019,IMMIGRANT_BACKGROUND_MOTHER,Immigrant-background mother proxy,0.13924481373798514,811444,13404.0,61167.0,0.21913777036637402,1.5737589392644975,62643.0,54470.0,8173.0,0.010072167641882866
2019,IND_ANDRE,Non-western immigrant origin,0.08856598488913615,516115,,,,,,,,
2019,IND_VEST,Western immigrant origin,0.05067882884884898,295329,,,,,,,,
2020,DANSK,Danish origin,0.8604662875930689,5022725,47796.0,60937.0,0.7843510510855474,0.9115418725811628,21696.0,15871.0,5825.0,0.0011597290315515979
2020,IMMIGRANT_BACKGROUND_MOTHER,Immigrant-background mother proxy,0.1395337124069312,814488,13141.0,60937.0,0.21564894891445263,1.545497107434092,48644.0,43549.0,5095.0,0.006255463555018613
2020,IND_ANDRE,Non-western immigrant origin,0.08932207887565521,521392,,,,,,,,
2020,IND_VEST,Western immigrant origin,0.05021163353127597,293096,,,,,,,,
2021,DANSK,Danish origin,0.8568651732654874,5027581,49996.0,63473.0,0.7876734989680652,0.9192502199223072,18356.0,16267.0,2089.0,0.00041550797490880805
2021,IMMIGRANT_BACKGROUND_MOTHER,Immigrant-background mother proxy,0.1431348267345126,839831,13477.0,63473.0,0.21232650103193484,1.4834020893165252,57922.0,33536.0,24386.0,0.029036794307426138
2021,IND_ANDRE,Non-western immigrant origin,0.09060843179241547,531637,,,,,,,,
2021,IND_VEST,Western immigrant origin,0.05252639494209713,308194,,,,,,,,
2022,DANSK,Danish origin,0.8475107129049431,5024352,45922.0,58430.0,0.7859318843060071,0.927341533668799,18141.0,18859.0,-718.0,-0.0001429040003566629
2022,IMMIGRANT_BACKGROUND_MOTHER,Immigrant-background mother proxy,0.1524892870950569,904012,12508.0,58430.0,0.2140681156939928,1.403823965420926,103042.0,44068.0,58974.0,0.06523585970097742
2022,IND_ANDRE,Non-western immigrant origin,0.09693078900013562,574641,,,,,,,,
2022,IND_VEST,Western immigrant origin,0.0555584980949213,329371,,,,,,,,
2023,DANSK,Danish origin,0.8424870088987869,5020771,44868.0,57469.0,0.7807339609180601,0.9267014834312471,18783.0,17632.0,1151.0,0.0002292476593734309
2023,IMMIGRANT_BACKGROUND_MOTHER,Immigrant-background mother proxy,0.15751299110121314,938693,12601.0,57469.0,0.21926603908193984,1.392050506748653,79561.0,50540.0,29021.0,0.030916391194991334
2023,IND_ANDRE,Non-western immigrant origin,0.10004087615933245,596190,,,,,,,,
2023,IND_VEST,Western immigrant origin,0.05747211494188068,342503,,,,,,,,
2024,DANSK,Danish origin,0.8375828987885613,5017109,44092.0,57079.0,0.7724732388444087,0.9222648169651935,18508.0,16887.0,1621.0,0.00032309443546074044
2024,IMMIGRANT_BACKGROUND_MOTHER,Immigrant-background mother proxy,0.16241710121143876,972876,12987.0,57079.0,0.22752676115559137,1.4008793375729023,83216.0,52580.0,30636.0,0.031490138517138874
2024,IND_ANDRE,Non-western immigrant origin,0.10362930791980281,620738,,,,,,,,
2024,IND_VEST,Western immigrant origin,0.058787793291635956,352138,,,,,,,,
2025,DANSK,Danish origin,0.8332994455358309,5016351,46049.0,59443.0,0.7746748986423969,0.9296476828257854,17611.0,16328.0,1283.0,0.00025576360186916746
2025,IMMIGRANT_BACKGROUND_MOTHER,Immigrant-background mother proxy,0.16670055446416912,1003515,13394.0,59443.0,0.22532510135760309,1.3516757762556502,84420.0,54012.0,30408.0,0.03030149026173002
2025,IND_ANDRE,Non-western immigrant origin,0.10721717061476119,645433,,,,,,,,
2025,IND_VEST,Western immigrant origin,0.05948338384940794,358082,,,,,,,,
