year,group_code,group_name,income_dkk_per_person,total_income_thousand_dkk,income_gap_vs_danes,income_ratio_vs_danes,yoy_change_dkk,yoy_change_pct,rolling_3y_mean,base_year_index,real_income_dkk_per_person,group_encoded,population,population_share,immigrant_origin_population,immigrant_origin_share,income_share,contribution_index,birth_share,birth_population_ratio,immigration_count,emigration_count,net_migration,net_migration_rate
2008,DANSK,Danish origin,278181,1126308260,0,1.0,,,278181.0,100.0,373962.576848339,0,4985102,0.9053953009401571,520893,0.09460469905984295,0.9393487266732244,1.0375012170902702,0.8598204126818167,0.9496629944831659,22781.0,23437.0,-656.0,-0.0001315920917967175
2008,IND_ANDRE,Non-western immigrant origin,203562,42508659,74619,0.7317609757675758,,,203562.0,100.0,273651.22013509757,1,350501,0.0636580672521497,520893,0.09460469905984295,0.03545250986993232,0.5569209277043375,,,,,,
2008,IND_VEST,Western immigrant origin,268606,30214099,9575,0.9655799641240775,,,268606.0,100.0,361090.7715369667,2,170392,0.03094663180769325,520893,0.09460469905984295,0.02519876345684328,0.814265139205842,,,,,,
2009,DANSK,Danish origin,275083,1116504097,0,1.0,-3098.0,-1.113663406199561,276632.0,98.88633659380044,365035.2415052978,0,4991316,0.9021758757429466,541215,0.09782412425705342,0.9363301138024946,1.037857627296254,0.8492151930975198,0.9412967204406643,22411.0,21528.0,883.0,0.00017690725251617008
2009,IND_ANDRE,Non-western immigrant origin,206107,44016870,68976,0.7492538615617832,2545.0,1.2502333441408497,204834.5,101.25023334414085,273504.0643039825,1,360925,0.06523686898455698,541215,0.09782412425705342,0.0369137211471689,0.5658413979970007,,,,,,
2009,IND_VEST,Western immigrant origin,268692,31904739,6391,0.9767670121381546,86.0,0.03201715523852844,268649.0,100.03201715523853,356554.3821702594,2,180290,0.03258725527249644,541215,0.09782412425705342,0.026756165050336476,0.8210622473908876,,,,,,
2010,DANSK,Danish origin,286902,1169515423,0,1.0,11819.0,4.296521413537002,280055.3333333333,103.13500922061536,372119.65503080084,0,4997899,0.899273243705275,559810,0.10072675629472504,0.9359046708444714,1.0407344790869837,0.8426140574979104,0.9369944712533514,21530.0,21871.0,-341.0,-6.822866968700248e-05
2010,IND_ANDRE,Non-western immigrant origin,202182,45771191,84720,0.7047075307944873,-3925.0,-1.9043506528162557,203950.33333333334,99.32207386447372,262235.52325685206,1,370884,0.06673325285652776,559810,0.10072675629472504,0.036628393781357106,0.548877691607598,,,,,,
2010,IND_VEST,Western immigrant origin,257185,34322945,29717,0.8964210775804978,-11507.0,-4.2825986631533475,264827.6666666667,95.74804732582295,333575.9021515936,2,188926,0.033993503438197285,559810,0.10072675629472504,0.027466935374171542,0.8080054303349012,,,,,,
2011,DANSK,Danish origin,290730,1188795160,0,1.0,3828.0,1.3342535081665607,284238.3333333333,104.51109169928931,366961.37619461335,0,5001152,0.8963916716434818,578052,0.10360832835651825,0.9343340216149797,1.0423278698048732,0.8357401945828672,0.9323381965950067,21264.0,22864.0,-1600.0,-0.0003199262889830183
2011,IND_ANDRE,Non-western immigrant origin,204460,47396171,86270,0.7032641970212913,2278.0,1.1267076198672399,204249.66666666666,100.44114323891493,258070.79756733272,1,379775,0.06806974615016766,578052,0.10360832835651825,0.03725103916101179,0.5472480987196988,,,,,,
2011,IND_VEST,Western immigrant origin,259082,36153604,31648,0.8911429849000791,1897.0,0.7376013375585577,261653.0,96.45428620358443,327015.05612510856,2,198277,0.03553858220635058,578052,0.10360832835651825,0.028414939224008465,0.799551852097545,,,,,,
2012,DANSK,Danish origin,297171,1218893073,0,1.0,6441.0,2.2154576411103077,291601.0,106.82649066614903,366307.5078907178,0,5002504,0.893357727649779,597161,0.10664227235022095,0.9322957309590916,1.0435861269278428,0.8255059051039436,0.9240485413112862,21879.0,22348.0,-469.0,-9.375304847332457e-05
2012,IND_ANDRE,Non-western immigrant origin,210704,50061491,86467,0.7090328464082969,6244.0,3.053898072972716,205782.0,103.50851337675991,259724.05498048535,1,387741,0.06924360653717677,597161,0.10664227235022095,0.038290573126217926,0.552983517773006,,,,,,
2012,IND_VEST,Western immigrant origin,261652,38455770,35519,0.8804762241268496,2570.0,0.9919639341984476,259306.33333333334,97.41107793571253,322525.0514169354,2,209420,0.03739866581304417,597161,0.10664227235022095,0.029413695914690546,0.7864905144405293,,,,,,
2013,DANSK,Danish origin,302907,1245778850,0,1.0,5736.0,1.9302018030023183,296936.0,108.88845751507112,370454.8275107332,0,5001863,0.889457119328333,621638,0.110542880671667,0.9296284715914774,1.0451638998555428,0.8137382993574714,0.9148707471946033,22223.0,22343.0,-120.0,-2.3991060930697223e-05
2013,IND_ANDRE,Non-western immigrant origin,214050,51930870,88857,0.7066525369172716,3346.0,1.5880097197964904,209738.0,105.1522386299997,261782.8436737099,1,400720,0.07125810060316518,621638,0.110542880671667,0.03875199463092162,0.5438258149305809,,,,,,
2013,IND_VEST,Western immigrant origin,268201,42372784,34706,0.8854235788542358,6549.0,2.5029428401082354,262978.3333333333,99.8492215363767,328009.439178382,2,220918,0.039284780068501814,621638,0.110542880671667,0.031619533777600906,0.8048799998998382,,,,,,
2014,DANSK,Danish origin,308048,1270433263,0,1.0,5141.0,1.6972205990617661,302708.6666666667,110.73653484601753,374629.2770801942,0,5002707,0.8845346770985281,653043,0.11546532290147195,0.9269481829832442,1.0479500770098036,0.8021100756110427,0.9068158619197876,22016.0,21690.0,326.0,6.516471982068907e-05
2014,IND_ANDRE,Non-western immigrant origin,218910,54963301,89138,0.7106360047784761,4860.0,2.2704975473020417,214554.66666666666,107.53971762902704,266225.0527373179,1,418330,0.0739654334084781,653043,0.11546532290147195,0.04010295816121994,0.5421851304480187,,,,,,
2014,IND_VEST,Western immigrant origin,273514,45158216,34534,0.8878940944268425,5313.0,1.9809769538517763,267789.0,101.82721160361272,332631.1227189017,2,234713,0.04149988949299386,653043,0.11546532290147195,0.032948858855535855,0.7939505203043585,,,,,,
2015,DANSK,Danish origin,318133,1314994558,0,1.0,10085.0,3.273840440450848,309696.0,114.36187230616038,385153.01866666664,0,5003413,0.8779118896971866,695807,0.12208811030281337,0.9230484963053094,1.0514135953024757,0.7946568164247058,0.905166937309395,22549.0,21831.0,718.0,0.00014350204550373915
2015,IND_ANDRE,Non-western immigrant origin,224552,59223448,93581,0.7058431536495743,5642.0,2.5773148782604727,219170.66666666666,110.31135477151923,271857.6213333333,1,445280,0.07812998971789122,695807,0.12208811030281337,0.041571361865982474,0.532079448827355,,,,,,
2015,IND_VEST,Western immigrant origin,286186,50403304,31947,0.8995797355194212,12672.0,4.633035237684369,275967.0,106.54490219875952,346475.85066666664,2,250527,0.04395812058492215,695807,0.12208811030281337,0.03538014182870815,0.8048602023454958,,,,,,
2016,DANSK,Danish origin,323890,1338489674,0,1.0,5757.0,1.8096205046317149,316690.3333333333,116.43138819689338,391144.9642560266,0,5007524,0.8715518822819703,738002,0.12844811771802964,0.9198955914228947,1.0554685385043823,0.7841237381114682,0.8996868161863291,22186.0,21544.0,642.0,0.00012820707399505225
2016,IND_ANDRE,Non-western immigrant origin,225889,63326397,98001,0.6974250517150885,1337.0,0.5954077451993278,223117.0,110.96815712166317,272794.2969243558,1,472768,0.08228454627130745,738002,0.12844811771802964,0.043521944586175434,0.5289200288311184,,,,,,
2016,IND_VEST,Western immigrant origin,284753,53229139,39137,0.8791657661551762,-1433.0,-0.5007233058220928,281484.3333333333,106.01140704228497,343881.2621778886,2,265234,0.046163571446722194,738002,0.12844811771802964,0.036582463990929875,0.7924530716422155,,,,,,
2017,DANSK,Danish origin,332109,1377866526,0,1.0,8219.0,2.537589922504546,324710.6666666667,119.38593937040991,396521.9881656805,0,5010295,0.8670475567484689,768275,0.13295244325153108,0.9166284217189374,1.0571835588308474,0.7780673322800788,0.8973756124726578,21937.0,21006.0,931.0,0.0001858174019693451
2017,IND_ANDRE,Non-western immigrant origin,230158,67781050,101951,0.693019460478337,4269.0,1.88986626174803,226866.33333333334,113.06530688438903,274797.4543063774,1,490966,0.08496323484876016,768275,0.13295244325153108,0.045091477085460734,0.5307175175913013,,,,,,
2017,IND_VEST,Western immigrant origin,292082,57542259,40027,0.8794763165105433,7329.0,2.573809582339792,287673.6666666667,108.73993879511255,348731.69756738987,2,277309,0.047989208402770926,768275,0.13295244325153108,0.038280101195601816,0.7976814469269616,,,,,,
2018,DANSK,Danish origin,338202,1405137615,0,1.0,6093.0,1.8346386276794746,331400.3333333333,121.57623993011744,400537.9192956713,0,5012578,0.8633422407623818,793437,0.13665775923761822,0.9126873371574912,1.057155892605851,0.7781410631791268,0.9013123955246098,21902.0,20909.0,993.0,0.00019810165547548588
2018,IND_ANDRE,Non-western immigrant origin,240865,72948440,97337,0.7121927132305546,10707.0,4.652021654689387,232304.0,118.32512944459181,285260.187494905,1,505091,0.08699443594272492,793437,0.13665775923761822,0.04738263124028105,0.5446627790250478,,,,,,
2018,IND_VEST,Western immigrant origin,299039,61474710,39163,0.8842023406130064,6957.0,2.381865366575142,291958.0,111.32997773690833,354156.565745496,2,288346,0.04966332329489331,793437,0.13665775923761822,0.03993003160222779,0.8040144910385738,,,,,,
2019,DANSK,Danish origin,350448,1458949004,0,1.0,12246.0,3.6209129455177624,340253.0,125.9784097404208,411918.16699029127,0,5016019,0.8607551862620149,811444,0.1392448137379851,0.9098613170529045,1.0570500550849329,0.780862229633626,0.9071827182647153,21275.0,20127.0,1148.0,0.00022886675668493283
2019,IND_ANDRE,Non-western immigrant origin,253978,78289899,96470,0.7247237821303018,13113.0,5.444128453698127,241667.0,124.76690148455998,298526.8919093851,1,516115,0.08856598488913615,811444,0.1392448137379851,0.04882483926496369,0.5512820675576627,,,,,,
2019,IND_VEST,Western immigrant origin,314308,66246130,36140,0.8968748573254806,15269.0,5.106022960215895,301809.6666666667,117.01451196175812,369439.047249191,2,295329,0.05067882884884898,811444,0.1392448137379851,0.04131384368213183,0.8152091242153903,,,,,,
2020,DANSK,Danish origin,366762,1528207343,0,1.0,16314.0,4.655184221339548,351804.0,131.84293679295135,429287.65194972605,0,5022725,0.8604662875930689,814488,0.1395337124069312,0.9061909042118614,1.053139346977434,0.7843510510855474,0.9115418725811628,21696.0,15871.0,5825.0,0.0011597290315515979
2020,IND_ANDRE,Non-western immigrant origin,269695,84895110,97067,0.7353406296181175,15717.0,6.188331272787417,254846.0,132.48789066721687,315672.6522719948,1,521392,0.08932207887565521,814488,0.1395337124069312,0.05034079756680337,0.5635873929544623,,,,,,
2020,IND_VEST,Western immigrant origin,337682,73305274,29080,0.9207115240946445,23374.0,7.436654491772399,317009.6666666667,125.71647692158776,395250.08830164355,2,293096,0.05021163353127597,814488,0.1395337124069312,0.043468298221335175,0.8657017341262062,,,,,,
2021,DANSK,Danish origin,384704,1603382398,0,1.0,17942.0,4.892000807062891,367304.6666666667,138.29269432491796,442096.1645309286,0,5027581,0.8568651732654874,839831,0.14313482673451258,0.9025834231358063,1.0533552433880444,0.7876734989680652,0.9192502199223072,18356.0,16267.0,2089.0,0.00041550797490880805
2021,IND_ANDRE,Non-western immigrant origin,288175,92421858,96529,0.7490824114124106,18480.0,6.8521848755075165,270616.0,141.56620587339484,331166.4610030058,1,531637,0.09060843179241547,839831,0.14313482673451258,0.05202653906533119,0.5741909228108522,,,,,,
2021,IND_VEST,Western immigrant origin,357189,80632533,27515,0.9284774787888871,19507.0,5.776736693101792,336393.0,132.97878677319198,410476.3322259136,2,308194,0.05252639494209713,839831,0.14313482673451258,0.04539003779886254,0.8641376939898235,,,,,,
2022,DANSK,Danish origin,382655,1602571999,0,1.0,-2049.0,-0.5326172849775435,378040.3333333333,137.55612353108228,408315.2287917738,0,5024352,0.8475107129049431,904012,0.1524892870950569,0.8949411635932123,1.0559644261317898,0.7859318843060071,0.927341533668799,18141.0,18859.0,-718.0,-0.0001429040003566629
2022,IND_ANDRE,Non-western immigrant origin,299944,99130378,82711,0.7838496818282787,11769.0,4.0839767502385715,285938.0,147.34773680745917,320057.76217407273,1,574641,0.09693078900013562,904012,0.1524892870950569,0.05535842126913074,0.5711128717734185,,,,,,
2022,IND_VEST,Western immigrant origin,371688,88998581,10967,0.971339718545426,14499.0,4.05919555193468,355519.6666666667,138.37665577090607,396612.7994124128,2,329371,0.0555584980949213,904012,0.1524892870950569,0.049700415137656946,0.89456009146871,,,,,,
2023,DANSK,Danish origin,407344,1710288793,0,1.0,24689.0,6.45202597640171,391567.6666666667,146.43128035343895,420753.1910415926,0,5020771,0.8424870088987869,938693,0.15751299110121314,0.8896569807474867,1.0559889604830293,0.7807339609180601,0.9267014834312471,18783.0,17632.0,1151.0,0.0002292476593734309
2023,IND_ANDRE,Non-western immigrant origin,319747,111789153,87597,0.784955713107349,19803.0,6.602232416717779,302622.0,157.07597685226122,330272.621116246,1,596190,0.10004087615933245,938693,0.15751299110121314,0.058150413395300096,0.5812665345182051,,,,,,
2023,IND_VEST,Western immigrant origin,418521,100335782,-11177,1.0274387250088377,46833.0,12.600083941370176,382466.0,155.8122305533011,432298.12214717385,2,342503,0.05747211494188068,938693,0.15751299110121314,0.05219260585721327,0.9081379014848092,,,,,,
2024,DANSK,Danish origin,427473,1798944709,0,1.0,20129.0,4.941523626222555,405824.0,153.6672166682843,435567.94389114884,0,5017109,0.8375828987885613,972876,0.16241710121143876,0.886446674811294,1.058339032582216,0.7724732388444087,0.9222648169651935,18508.0,16887.0,1621.0,0.00032309443546074044
2024,IND_ANDRE,Non-western immigrant origin,334282,123493033,93191,0.7819955880254426,14535.0,4.545781508505153,317991.0,164.21630756231517,340612.2104081919,1,620738,0.10362930791980281,972876,0.16241710121143876,0.0608523363267033,0.5872116445455375,,,,,,
2024,IND_VEST,Western immigrant origin,429375,106950782,-1902,1.0044494038219958,10854.0,2.5934182514139037,406528.0,159.85309337840553,437505.96156543697,2,352138,0.058787793291635956,972876,0.16241710121143876,0.052700988862002654,0.8964614235571365,,,,,,
